1,Nessy,0526 Sundown Drive,29921.03
2,Chanda,48 Alpine Junction,26208.56
3,Agnola,899 Westend Avenue,49593.94
4,Domingo,4 Northport Hill,97021.2
5,Jessamine,1617 Washington Parkway,86517.61
6,Derrick,3325 Namekagon Avenue,35561.3
7,Orrin,1044 Bonner Street,38489.27
8,Richardo,88010 Grasskamp Plaza,50767.92
9,Brittni,29078 Anzinger Plaza,64123.41
10,Tulley,09 Bowman Hill,22869.2
11,Teodoro,3 Daystar Terrace,32540.95
12,Atlante,94 Valley Edge Lane,24911.79
13,Ivett,39253 Holy Cross Park,36327.68
14,Laura,1 Chinook Crossing,86287.03
15,Henrik,4058 Sycamore Terrace,67667.26
16,Pierson,7 Banding Crossing,17597.47
17,Nonna,48 Hermina Pass,50994.59
18,Allard,1 Forest Park,69540.01
19,Arabela,9 Grim Court,94305.35
20,Mamie,4 Coolidge Way,64314.19
21,Bobbye,13 Ludington Trail,81499.01
22,Derick,36 Shelley Terrace,92563.6
23,Alica,6 Drewry Point,78798.48
24,Yolanda,69 Service Place,43752.78
25,Cathlene,543 Old Gate Court,72324.67
26,Maggie,63229 Debs Court,68159.34
27,Amargo,0622 Nelson Street,13340.5
28,Diena,02535 Union Drive,65033.27
29,Darrelle,0 Valley Edge Road,83453.22
30,Perren,18 Westerfield Pass,24891.45
31,Liza,5 Hanover Point,79729.91
32,Timi,806 4th Trail,65846.6
33,Sula,3431 Forster Drive,95524.67
34,Elfie,11199 Hovde Road,92062.67
35,Rudolfo,9 Independence Point,20172.29
36,Carmelia,441 Bowman Trail,50623.83
37,Brnaba,32701 Prentice Place,40877.56
38,Willow,3060 Arkansas Circle,83876.03
39,Aurilia,5 Anthes Park,80533.45
40,Ezri,6 Pepper Wood Pass,75099.8
41,Gates,895 Onsgard Plaza,84233.07
42,Viviana,73641 Nelson Road,77233.47
43,Gardener,295 Tennyson Lane,23714.23
44,Ky,4 Erie Place,98227.58
45,Abbot,539 Almo Road,79438.9
46,Averil,2462 Thompson Court,73226.51
47,Cointon,0 Hooker Circle,30158.96
48,Renato,3648 Sugar Plaza,85598.55
49,Conrade,2016 La Follette Center,48694.87
50,Franz,5144 Mandrake Junction,54013.2
51,Donia,0703 Hoard Alley,67602.47
52,Jesse,43 Corscot Parkway,52117.43
53,Giselle,597 Scoville Alley,31426.19
54,Sunny,072 Annamark Point,13922.61
55,Pyotr,637 Becker Road,35299.61
56,Kaiser,32204 Eagan Way,99829.53
57,Ebba,76436 Russell Court,25833.28
58,Tiff,98560 Westerfield Park,98587.07
59,Hill,85 Crescent Oaks Court,10575.18
60,Rorke,6 Menomonie Road,34483.79
61,Jilli,30405 Hagan Lane,20813.85
62,Stella,3 Homewood Parkway,65565.76
63,Nicoli,15 Farwell Lane,10635.37
64,Beatriz,438 Canary Circle,34840.22
65,Elwood,4529 Red Cloud Terrace,28723.08
66,Roxanne,1767 Dwight Pass,38370.92
67,Pamela,31 Hooker Lane,76557.88
68,Isidro,31 Carey Street,96204.26
69,Matthiew,9 Del Sol Road,30308.05
70,Dorita,86 Hudson Junction,55845.17
71,Davide,15 Schlimgen Circle,41176.75
72,Harriette,3 Prairieview Parkway,39683.91
73,Nicola,5592 Mariners Cove Alley,77344.94
74,Gardy,74852 Carey Park,73157.43
75,Virginie,418 Oak Street,17162.67
76,Ranice,77232 Hovde Terrace,84889.43
77,Ozzie,9 Susan Park,93918.1
78,Shaylynn,19163 Hauk Street,97799.61
79,Dannye,1 Farmco Alley,26539.53
80,Morgan,9 Rockefeller Parkway,30656.22
81,Rosmunda,06596 Scofield Road,25515.66
82,Tilda,0430 Novick Street,53835.3
83,Kaia,9 Ryan Lane,34373.85
84,Towny,124 Pepper Wood Plaza,31651.44
85,Spense,94 Clarendon Park,90335.78
86,Oren,4796 Red Cloud Way,55826.16
87,Angelica,80518 Basil Center,64107.73
88,Hedwig,726 Oriole Hill,65019.51
89,Fredia,4 Hollow Ridge Trail,39499.74
90,Nikolia,61297 Rigney Plaza,64524.59
91,Eric,2 Bultman Parkway,14673.18
92,Christos,812 Summit Plaza,72446.12
93,Ravi,6773 Village Place,33785.62
94,Shaylynn,359 Aberg Park,30082.01
95,Ty,88 Reindahl Alley,54925.99
96,Welch,19 Hauk Junction,83366.03
97,Vladamir,47740 Westerfield Terrace,30605.95
98,Margalo,06 Bunting Lane,36766.19
99,Birgitta,11731 Menomonie Circle,71594.46
100,Margit,4486 Jackson Court,14341.53
101,Roger,86115 Canary Street,71778.1
102,Inga,49 Northwestern Circle,92376.78
103,Astra,13 Fuller Parkway,55688.54
104,Suzie,438 Nevada Terrace,24848.79
105,Rheba,84393 Petterle Court,71499.96
106,Norma,05 Norway Maple Road,59281.78
107,Calley,1 Arkansas Lane,25605.11
108,Ellynn,22201 Corben Avenue,97756.01
109,Vita,474 Dapin Road,18300.93
110,Annemarie,65 Hanover Street,79031.38
111,Rawley,448 Bunker Hill Crossing,77089.7
112,Marlena,437 Melody Drive,76532.2
113,Beau,22440 Ridgeview Avenue,47289.41
114,Hermione,96 Lakewood Park,73295.18
115,Gabe,5 Mcguire Pass,57799.0
116,Pippo,4 Lakewood Point,42857.7
117,Chrysler,43 Green Ridge Parkway,28422.62
118,Tiphany,376 Hanover Parkway,36470.89
119,Nels,55 Schiller Trail,21065.69
120,Cass,40 Dovetail Park,19095.7
121,Addie,50324 Farwell Avenue,87324.7
122,Roshelle,9 Redwing Crossing,82244.58
123,Elladine,9336 5th Pass,79453.63
124,Karoly,9933 Fairfield Drive,35779.23
125,Edgar,7563 Lakeland Crossing,32463.28
126,Adan,9 Manley Plaza,40450.84
127,Farra,59998 Namekagon Street,30200.85
128,Nancy,18921 3rd Plaza,96709.2
129,Haily,33388 Graedel Junction,29205.17
130,Dacey,11 Barby Avenue,17740.66
131,Erhard,649 Old Shore Road,69583.35
132,Audrie,439 Buell Hill,55275.12
133,Brigitte,09548 Birchwood Street,80571.04
134,Kessia,0 Gerald Trail,96291.78
135,Donny,74518 Melrose Alley,71998.43
136,Reinald,4404 Norway Maple Crossing,98844.7
137,Modesta,029 Tennyson Court,64885.49
138,Milena,6 Corscot Pass,47486.75
139,Mattie,126 Dayton Alley,33313.4
140,Rutter,53 Armistice Court,73258.28
141,Hally,5603 Logan Terrace,54928.36
142,Sisile,252 High Crossing Street,72204.27
143,Dulcinea,3 Kingsford Circle,84859.05
144,Andria,31442 Crownhardt Center,30055.2
145,Iolande,79274 Valley Edge Park,17401.2
146,Guss,4336 Buhler Park,34618.66
147,Fay,2255 Katie Road,36936.57
148,Norah,0321 Prentice Court,80387.27
149,Bone,92 Lakewood Pass,11228.3
150,Artus,376 Eagan Junction,49502.57
151,Rhianna,5795 Bonner Road,84228.12
152,Klarrisa,743 Schiller Park,77960.35
153,Roze,48432 Pearson Place,33573.52
154,Ezequiel,4518 Mandrake Pass,99207.76
155,Tilda,373 Rutledge Hill,76008.63
156,Nyssa,265 Linden Crossing,56707.28
157,Derrick,06329 Dapin Center,81561.96
158,Velma,266 Maryland Terrace,17953.96
159,Marshall,11023 La Follette Parkway,15900.44
160,Maddy,410 Monica Crossing,54439.22
161,Tracey,5715 Blaine Lane,89971.71
162,Dieter,64 Knutson Alley,42377.4
163,Dora,04946 Hovde Trail,69939.22
164,Cherice,53313 West Street,17364.36
165,Woodman,32222 Marcy Alley,44814.02
166,Major,39 Ridgeview Point,97913.27
167,Cher,1333 Merrick Avenue,77973.32
168,Irwinn,99563 Carey Avenue,30253.03
169,Tore,35324 Artisan Point,71489.32
170,Gauthier,695 Hansons Place,63570.68
171,Phylis,9104 Utah Center,37397.92
172,D'arcy,72 Sutherland Point,53924.55
173,Wilma,6 American Ash Way,43485.87
174,Ekaterina,859 Waywood Place,73294.85
175,Colette,55 Haas Junction,75045.06
176,Jessica,76627 Raven Pass,59671.64
177,Devland,3 Eastlawn Lane,68565.96
178,Henrie,05374 Harbort Drive,86932.3
179,Idalina,52778 School Crossing,55815.74
180,Luelle,0 Loeprich Parkway,21647.07
181,Billie,3316 American Park,43598.42
182,Bethanne,08 Forest Dale Court,42830.05
183,Jelene,71 Tony Place,34198.28
184,Germayne,4 Grasskamp Drive,69009.43
185,Honor,61828 Fisk Park,59556.8
186,Hanna,216 Becker Way,23675.88
187,Donnie,1 Stoughton Drive,34303.94
188,Kerrin,1 Service Pass,91373.18
189,Morgen,2 West Lane,44613.58
190,Randee,9 Independence Court,86954.93
191,Eachelle,488 Maryland Crossing,52177.36
192,Claude,77 Basil Hill,35823.14
193,Merry,3753 Cottonwood Parkway,17899.5
194,Nelli,8813 Scofield Terrace,12104.5
195,Robbin,9522 Corben Trail,76478.74
196,Purcell,1 Manitowish Court,32147.21
197,Abbey,3 Armistice Lane,27564.69
198,Fionna,83 Little Fleur Point,63211.02
199,Vicki,26715 Glendale Terrace,48502.08
200,Wendye,471 Lakewood Road,83848.79
201,Coleman,7 Transport Center,48231.03
202,Halimeda,6916 Nova Street,71573.65
203,Bail,07802 Northwestern Lane,49535.19
204,Ximenez,43 Crest Line Court,54969.58
205,Dix,1 Declaration Way,61270.96
206,Barbra,2930 Swallow Point,85197.3
207,Dasie,74924 Becker Crossing,40878.59
208,Maud,36963 Onsgard Road,60824.47
209,Dionis,3941 Schlimgen Trail,61170.15
210,Christoper,4 Lyons Drive,75782.41
211,Othelia,290 Pepper Wood Crossing,35099.5
212,Annecorinne,8937 Forster Way,30001.36
213,Nancey,37834 Arapahoe Street,47334.52
214,Elyn,15659 Katie Park,38840.92
215,Bobbye,114 Delaware Avenue,60348.87
216,Fraze,4918 Forest Trail,80586.61
217,Jennette,38498 Loomis Crossing,67756.57
218,Ermina,3 Valley Edge Place,78166.93
219,Pyotr,5 Knutson Circle,25496.02
220,Keene,5178 Sheridan Park,93329.0
221,Sherlocke,99309 Susan Point,78123.02
222,Lorenza,904 Victoria Junction,29744.25
223,Jenda,39 Tennessee Plaza,25411.58
224,Ryley,8 Prentice Court,63932.24
225,Hieronymus,19 Carberry Road,83781.04
226,Alix,1837 Bluestem Drive,71113.33
227,Marven,7048 Jackson Street,67006.26
228,Fletcher,1 Prairie Rose Drive,66058.48
229,Earle,79142 Haas Point,68673.38
230,Dannel,607 John Wall Pass,80101.2
231,Vinson,6768 Stone Corner Parkway,58974.52
232,Buddie,20 Anthes Road,55017.36
233,Mora,20841 Gale Street,18350.36
234,Mel,4133 Morningstar Avenue,89710.25
235,Rorke,6 Chive Center,56746.45
236,Dominga,83 Red Cloud Hill,15962.23
237,Lela,6443 Rockefeller Park,41856.35
238,Brear,54221 Mitchell Avenue,58220.59
239,Marwin,94 Morningstar Trail,94709.87
240,Cordelia,01570 Armistice Way,34489.02
241,Teriann,49 Hudson Way,16531.91
242,Aindrea,70 Amoth Pass,86293.48
243,Kristy,4 Schmedeman Hill,58697.22
244,Clay,41 Springview Crossing,29607.17
245,Royal,177 Northview Crossing,61661.5
246,Charlotte,1 Hooker Junction,54628.29
247,Guinevere,3865 Summerview Place,64440.69
248,Ophelia,6273 Grayhawk Trail,20603.74
249,Jessey,089 Hayes Terrace,39263.49
250,Betsey,173 Sullivan Park,91803.31
251,Luis,17392 Waubesa Avenue,72632.27
252,Bobette,6 Morrow Alley,21930.24
253,Gale,25077 Porter Street,79986.5
254,Georgy,292 Clyde Gallagher Alley,59838.65
255,Massimiliano,39744 Corben Hill,16145.86
256,Iris,888 Hooker Lane,69729.01
257,Karly,5472 Green Ridge Avenue,96319.95
258,Sheridan,137 Boyd Parkway,30551.67
259,Ellene,032 Merry Junction,90164.68
260,Edmund,672 Cody Park,95931.49
261,Maridel,149 Utah Pass,71953.92
262,Mamie,6238 Blue Bill Park Pass,71481.02
263,Katharina,80714 Clarendon Alley,24257.68
264,Trix,81424 Bonner Junction,41260.61
265,Hamilton,276 Bay Circle,29863.17
266,Gibb,12290 Melrose Street,47308.3
267,Ode,710 Pepper Wood Junction,71570.06
268,Keely,21 Steensland Lane,73368.75
269,Sylvia,28406 Del Mar Lane,26267.07
270,Joana,81991 Center Plaza,88909.39
271,Yetta,188 Ludington Place,50389.54
272,Mariana,671 Dorton Point,64198.25
273,Paxton,77748 Commercial Pass,93506.33
274,Eleonora,04537 Utah Pass,20975.64
275,Hendrika,3804 Bayside Trail,19817.24
276,Iggie,2 Anzinger Plaza,37317.84
277,Emmerich,9 Jenna Crossing,28289.19
278,Corissa,5 Bluejay Hill,90142.12
279,Vikky,233 Columbus Center,20091.26
280,Neil,86 Bunting Crossing,85824.18
281,Gwennie,9435 Cherokee Terrace,45378.62
282,Foss,84 Merchant Drive,78886.32
283,Millard,036 Riverside Lane,29316.14
284,Felicia,936 Glacier Hill Court,76744.58
285,Olympe,9123 Springview Park,88622.28
286,Carny,66 Swallow Road,50098.09
287,Giulio,2817 Rieder Court,46038.32
288,Burlie,93127 Meadow Valley Terrace,73971.81
289,Harmonia,35 Marquette Alley,64517.04
290,Eddie,2904 Oak Valley Place,22426.81
291,Sergent,3218 Buena Vista Circle,15353.74
292,Gunilla,44 Maple Street,61821.64
293,Bobby,308 Lerdahl Drive,74073.82
294,Jo-ann,2 Leroy Circle,35159.53
295,Zia,748 Anniversary Center,32925.2
296,Quinn,11 Fisk Road,50823.89
297,Shana,409 Fulton Circle,27348.19
298,Nichole,94283 Dennis Junction,48896.22
299,Gerard,4492 Corben Terrace,61781.2
300,Merrill,6 Mandrake Avenue,51163.96
301,Artemas,8 Oakridge Place,34782.82
302,Jami,72072 Barby Alley,24461.28
303,Sharla,34367 Pleasure Court,30820.05
304,Shayne,3312 Haas Center,95742.36
305,Eunice,8620 Comanche Hill,12813.78
306,Eric,53 Waubesa Pass,15303.6
307,Malorie,85598 Springview Court,24452.21
308,Natalina,531 Jackson Court,90731.87
309,Stirling,111 Hudson Circle,96338.06
310,Carol-jean,0 Bayside Court,42930.16
311,Leopold,484 Melody Pass,74093.34
312,Emlynne,79271 Stuart Crossing,68149.12
313,Cheryl,32 Blackbird Alley,94856.29
314,Dorey,93963 Stuart Parkway,87573.94
315,Orly,7152 Cordelia Point,83105.35
316,Heidi,5 Golden Leaf Point,51253.81
317,Mindy,24 Orin Street,17417.33
318,Aveline,9 Grim Street,74719.64
319,Alyson,275 Warner Pass,52990.46
320,Tobin,38078 Larry Point,50909.9
321,Jone,158 Goodland Street,25568.01
322,Marilin,87 Marquette Alley,40476.81
323,Odele,94512 Blue Bill Park Drive,67697.27
324,Merola,013 Lyons Circle,97083.54
325,Moss,68017 Delaware Circle,55577.41
326,Bernadette,324 Roth Pass,35093.65
327,Joe,7694 Village Green Pass,71856.36
328,Dorie,38895 Hooker Street,96156.39
329,Sonia,8867 Cottonwood Way,32341.3
330,Annabal,6425 Springview Lane,68647.94
331,Cleve,69226 Loeprich Hill,96420.71
332,Ozzie,89359 Texas Alley,56839.05
333,Gerardo,38 Sugar Circle,80849.63
334,Leena,6726 Becker Point,67274.52
335,Zebadiah,416 Hauk Place,22927.18
336,Melli,47191 Arkansas Street,16880.39
337,Ed,2372 Mesta Circle,96356.07
338,Kriste,28 Union Alley,44408.65
339,Isabella,8843 Texas Alley,33036.51
340,Doy,1 Moulton Hill,74133.93
341,Isador,9409 Red Cloud Pass,78442.84
342,Dorita,6 Monterey Avenue,65171.66
343,Glad,4 Welch Plaza,16121.78
344,Colman,502 Bunting Avenue,39181.52
345,Stuart,476 Dawn Circle,98369.2
346,Archaimbaud,838 Hanover Park,71927.35
347,Lennard,4 Morningstar Lane,77669.81
348,Sianna,9973 Ramsey Pass,34191.17
349,Lishe,61 Rockefeller Court,57855.41
350,Meryl,26114 Mitchell Park,14617.89
351,Lucita,3 Jay Trail,71165.89
352,Rhetta,42 Veith Crossing,56169.62
353,Billi,39483 Comanche Hill,70078.48
354,Berky,2 Gina Point,45799.59
355,Tamra,8821 Drewry Parkway,84912.5
356,Mitchell,67606 Dahle Circle,72061.56
357,Lesly,9070 Maryland Junction,88408.0
358,Glenn,4 Walton Junction,74680.32
359,Hardy,68 Bluestem Plaza,27124.28
360,Raimundo,60154 Barnett Hill,58654.42
361,Corrina,0595 Tennessee Hill,97093.69
362,Leona,02266 Rutledge Parkway,34324.61
363,Gerta,42 Hallows Road,94427.16
364,Catherina,05694 Boyd Trail,68361.51
365,Somerset,642 Ramsey Junction,10512.63
366,Renato,556 Northview Street,69527.79
367,Arlette,657 Cottonwood Circle,29329.61
368,Leupold,7 Buhler Point,99433.57
369,Cicely,933 Namekagon Pass,95742.76
370,Jase,89 Esker Road,11588.26
371,Lind,38674 Helena Court,85589.0
372,Rikki,7 Bultman Plaza,77076.89
373,Pyotr,67520 Tennessee Pass,67410.66
374,Stephana,03 Welch Road,21142.2
375,Manda,752 Sycamore Parkway,45759.62
376,Early,954 Mesta Street,96263.88
377,Moises,06166 Golden Leaf Court,98733.11
378,Kaye,0087 Arapahoe Parkway,42486.03
379,Marni,0749 Mitchell Crossing,44823.18
380,Anestassia,05 Aberg Way,43583.24
381,Ted,312 Banding Way,56672.83
382,Sampson,464 Loomis Way,33410.87
383,Aeriel,4266 Oriole Point,68430.53
384,Elva,3856 Jay Crossing,38888.7
385,Rosanna,29016 Stang Terrace,75915.05
386,Belinda,8236 Russell Court,66106.0
387,Maryl,5441 Fairfield Circle,26396.16
388,Zsa zsa,714 8th Crossing,95861.79
389,Jacqueline,89 Warbler Terrace,49368.48
390,Lyn,1 Nevada Junction,71116.47
391,Doralynne,33651 Chinook Place,10244.15
392,Dru,4 Jenifer Avenue,31965.24
393,Crissy,5342 Golf View Road,24002.39
394,Charmain,769 Arizona Junction,59669.55
395,Eunice,05 Mendota Center,81824.78
396,Iolande,21 Myrtle Road,90108.91
397,Kalli,39 Loeprich Alley,52682.49
398,Nester,2 Northridge Park,26050.99
399,Den,00 Nobel Alley,59062.62
400,Denver,6 Oriole Pass,68105.51
401,Marylinda,02478 Lindbergh Court,13826.38
402,Marline,31606 Golf Course Plaza,96132.14
403,Ricca,053 Johnson Street,94983.46
404,Stanford,1 Barnett Hill,68183.27
405,Rube,2 Porter Plaza,32528.57
406,Guinna,13 International Avenue,65216.78
407,Valentijn,10421 Coolidge Plaza,52290.73
408,Sayers,47 Trailsway Avenue,76317.23
409,Grantley,43 Katie Street,42537.0
410,Hulda,7 Monterey Junction,36973.51
411,Chrissy,76 Briar Crest Drive,72477.99
412,Blinnie,9 Golf View Terrace,63650.37
413,Wolfie,1 Manitowish Circle,66098.25
414,Cory,0 Vahlen Terrace,96688.23
415,Carine,432 Shasta Pass,87843.15
416,Murvyn,2603 Prentice Terrace,75629.54
417,Puff,075 Wayridge Center,45112.38
418,Gabbi,68 Maryland Avenue,86360.06
419,Eudora,854 Farmco Pass,69108.17
420,Cara,29351 Melby Avenue,22554.5
421,Ignatius,2 Columbus Way,39943.27
422,Celinka,31 Service Crossing,60979.05
423,Aloin,2105 Butterfield Pass,10931.3
424,Ringo,2332 Kings Park,47766.51
425,Towny,1507 Lawn Terrace,96700.66
426,Hasheem,98 Eastlawn Alley,73594.02
427,Marleah,978 Namekagon Plaza,21149.62
428,Sianna,3 Mcguire Court,86521.57
429,Gottfried,8741 New Castle Trail,76326.55
430,Onida,572 Commercial Court,95354.88
431,Jan,9735 Scoville Trail,94145.98
432,Nellie,098 Schiller Junction,43283.08
433,Dill,0 Stephen Place,15416.31
434,Griffith,06506 Kedzie Hill,84194.4
435,Sibylle,82 Bartelt Road,67661.58
436,Eleonore,6374 Fallview Hill,55803.24
437,Linn,5 Kenwood Circle,37533.17
438,Corena,17769 Graedel Lane,90605.58
439,Rodi,0184 Walton Park,53646.17
440,Cosimo,67862 Truax Pass,82355.51
441,Mohandis,279 Ruskin Drive,39605.66
442,Tricia,7958 Bellgrove Crossing,83658.82
443,Marc,05 Rusk Park,47852.49
444,Manfred,8 Menomonie Parkway,66435.94
445,Alikee,21 Elmside Place,53863.48
446,Zaneta,09111 Springs Road,64703.3
447,Vin,20 Fairview Terrace,10502.19
448,Kerby,2734 Mayfield Hill,23785.28
449,Lucia,3010 2nd Plaza,22003.58
450,Kerstin,157 Red Cloud Alley,63834.9
451,Laryssa,7650 Summit Crossing,90136.04
452,Janeva,13 Thierer Crossing,83920.77
453,Roderick,10 Kedzie Avenue,49532.44
454,Nick,96 Lake View Road,95626.68
455,Marga,59015 Toban Road,98496.31
456,Gisela,4860 Nobel Trail,84262.68
457,Felipa,1 Green Ridge Way,58525.28
458,Kiah,098 Wayridge Hill,24455.99
459,Diann,530 Forest Junction,71610.97
460,Kacy,9 Lake View Road,91659.66
461,Moria,3371 Crest Line Crossing,12160.17
462,Blinnie,582 Utah Circle,28002.78
463,Wilie,32 Lakewood Gardens Road,56187.7
464,Aurilia,92611 Blackbird Way,51701.74
465,Theo,849 Cherokee Court,73348.86
466,Wakefield,32 Blaine Way,69850.62
467,Toddie,65838 Dwight Street,37391.62
468,Annaliese,79717 Manitowish Plaza,35677.28
469,Liane,77 Delladonna Court,26027.17
470,Rica,6 Vernon Parkway,99506.59
471,Sonja,413 Glacier Hill Court,87101.45
472,Alli,49755 Pepper Wood Circle,62723.16
473,Valaria,000 Kennedy Center,48697.37
474,Erica,3948 Barnett Crossing,29107.27
475,Hillie,08767 Gale Way,18290.44
476,Tessi,81343 Bartelt Street,26779.73
477,Page,74 Rutledge Trail,99933.78
478,Den,1541 Merrick Pass,13338.84
479,Farrah,80457 Daystar Plaza,13160.6
480,Guinevere,160 Old Shore Trail,48719.98
481,Bald,407 Spenser Alley,46173.94
482,Neall,099 Mayfield Point,28054.22
483,Sarette,94 Donald Hill,34273.26
484,Devan,4 Waxwing Avenue,44277.95
485,Si,272 Helena Crossing,80373.11
486,Kissiah,80 Londonderry Junction,26117.37
487,Donny,48782 Lakewood Way,38561.9
488,Brandy,18933 Park Meadow Plaza,79608.91
489,Reggie,850 Becker Court,86595.44
490,Gilbertine,669 5th Road,34379.82
491,Delmer,69 Arkansas Avenue,94279.93
492,Marcelle,95 Cardinal Terrace,75960.18
493,Archibold,4 2nd Way,40882.06
494,Seumas,51 Grim Drive,95932.64
495,Ricki,6140 Waywood Plaza,30543.57
496,Blakeley,321 Eliot Hill,45716.24
497,Zacharia,01 Anthes Drive,55075.24
498,Avery,47783 Utah Court,89090.99
499,Kassandra,70415 Blackbird Way,12774.24
500,Alexio,6 Jay Way,85132.18
501,Madelene,234 Hoepker Park,63997.32
502,Abigael,170 Huxley Court,99272.57
503,Rachelle,5902 Moland Terrace,49746.32
504,Morgana,85 Charing Cross Circle,15661.7
505,Sargent,45296 Fulton Pass,66661.85
506,Elton,564 7th Court,79753.56
507,Mallory,5721 Declaration Junction,37645.89
508,Waneta,66 Carpenter Junction,66733.04
509,Ginger,6380 Talmadge Park,98754.75
510,Adler,89377 Clyde Gallagher Center,44426.98
511,Valene,9057 Mendota Park,25474.3
512,Corey,42442 Loomis Terrace,80186.26
513,Arlinda,86530 Kingsford Trail,81058.57
514,Arleen,6385 Sommers Center,39755.94
515,Gearard,269 East Alley,99301.44
516,Kassey,51 Ludington Point,27002.22
517,Laural,96625 Straubel Alley,80326.3
518,Jonathan,096 Amoth Court,78139.79
519,Amaleta,48 Chive Trail,57461.89
520,Marlin,6 Michigan Junction,29925.23
521,Berton,50111 Nova Center,37691.04
522,Malcolm,7333 Moose Plaza,46523.92
523,Dominique,3173 Cordelia Pass,74975.51
524,Skipper,750 Loomis Trail,69913.39
525,Johnette,6955 Summit Center,34368.22
526,Reece,760 Atwood Road,57432.5
527,Annamarie,23372 1st Court,58966.3
528,Fredek,4 Butterfield Terrace,49611.85
529,Ingra,43 Glacier Hill Court,93569.27
530,Osborne,55 Thompson Drive,43433.11
531,Stefa,12406 Ronald Regan Plaza,79544.69
532,Tania,8932 Colorado Pass,81666.68
533,Alphonse,1 Saint Paul Court,81417.78
534,Riccardo,2 Forest Run Center,53275.13
535,Arlee,23261 Bartelt Terrace,57942.29
536,Doloritas,229 Darwin Crossing,72092.59
537,Edie,532 Lawn Alley,55882.12
538,Geri,03 Straubel Court,59723.96
539,Stevie,30 Gateway Avenue,16356.08
540,Kahaleel,7834 Novick Street,66326.05
541,Kerry,78462 Center Avenue,13802.99
542,Sinclair,78471 Prairieview Trail,71083.05
543,Kitty,2360 Moland Junction,55487.89
544,Almeta,7 Towne Avenue,59751.93
545,Linzy,82857 Scofield Junction,35614.75
546,Irina,6 Dovetail Point,34651.55
547,Karoly,21 Buell Park,42371.04
548,Fabien,466 Lakewood Court,38359.15
549,Nelie,096 Clove Street,24801.51
550,Elias,39 Hauk Crossing,25586.5
551,Emmie,5 Blue Bill Park Place,84422.86
552,Christin,4 Kipling Way,49763.79
553,Allyce,79 Corscot Alley,44039.38
554,Margie,3888 Nova Road,37142.16
555,Davin,5 Erie Hill,41013.65
556,Lexy,22881 Norway Maple Terrace,58951.43
557,Padraig,98143 Toban Trail,99570.69
558,Cammy,03510 Rockefeller Way,90655.59
559,Mano,871 Gerald Avenue,15643.62
560,Christy,197 School Avenue,18097.88
561,Willa,97449 Crownhardt Place,36027.94
562,Brady,12785 Magdeline Place,72822.85
563,Kiley,963 Forster Circle,18505.43
564,Artemis,6 Harper Terrace,68070.46
565,Zared,54550 Rieder Circle,96123.08
566,Weston,7575 Maple Wood Park,92291.15
567,Bastian,782 Logan Point,11397.62
568,Miguelita,0419 Rigney Lane,62745.06
569,Zilvia,132 Portage Lane,53875.06
570,Beale,0619 Riverside Court,82090.66
571,Salomone,32931 Bartelt Court,85971.47
572,Tandi,1364 West Center,89753.74
573,Merci,19 Steensland Drive,87748.17
574,Gratiana,88641 4th Parkway,95937.79
575,Arlina,19192 Melody Road,50350.16
576,Kerry,5927 Coolidge Pass,28446.38
577,Laurette,1965 Harper Road,43793.0
578,Mellisa,6219 Laurel Parkway,85352.23
579,Pietra,025 Northfield Point,52246.25
580,Minette,2 Clove Plaza,79297.11
581,Gilli,13712 Briar Crest Road,55632.17
582,Jarrad,0944 Karstens Center,10897.43
583,Delmor,1902 Forest Dale Center,80027.48
584,Caye,30568 South Center,85116.4
585,Levon,591 Mosinee Circle,50796.25
586,Tonie,128 Cherokee Alley,39835.88
587,Enrika,9425 Wayridge Crossing,32909.04
588,Bathsheba,2 Annamark Pass,68642.28
589,Essa,19 Lerdahl Plaza,39936.22
590,Eba,9988 Everett Terrace,49644.56
591,Dmitri,05946 Forest Dale Hill,56811.43
592,Coletta,02 Sachtjen Pass,64849.32
593,Hillyer,7 Lunder Hill,41131.33
594,Jaquelyn,551 Talmadge Terrace,42643.73
595,Aguste,493 Hudson Park,97788.71
596,Efren,0 Brown Trail,49062.93
597,Lenna,2836 Swallow Trail,33144.18
598,Robin,1752 Jenna Center,43640.54
599,Kendre,31 Vernon Crossing,10135.17
600,Enoch,953 Graceland Plaza,26507.83
601,Claude,7085 Claremont Pass,86793.69
602,Gwenora,88 Lighthouse Bay Lane,13349.95
603,Dana,4 Sundown Pass,43720.1
604,Judie,436 Harbort Crossing,13310.59
605,Cyrus,20 Kropf Pass,68653.83
606,Minnnie,509 Marquette Junction,97655.9
607,Kyla,9 Fieldstone Parkway,10961.97
608,Lian,9 Sage Point,39160.41
609,Alexandros,073 Utah Circle,71249.1
610,Aggie,79 Karstens Terrace,63078.69
611,Erma,81863 Old Gate Alley,76757.14
612,Bar,7609 Moulton Way,42644.55
613,Sher,6 Badeau Hill,52690.0
614,Stacy,896 High Crossing Alley,76441.96
615,Roma,053 Boyd Street,99625.45
616,Giffard,366 Di Loreto Lane,57850.77
617,Tucker,74250 Lakewood Gardens Point,63720.57
618,Barb,7128 Hoepker Road,69551.9
619,Truman,16775 Pennsylvania Point,68075.24
620,Bert,2 Waubesa Way,59691.35
621,Lola,793 Mcguire Terrace,97980.42
622,Kirsten,413 Vidon Crossing,20009.99
623,Juliana,26101 Karstens Road,24449.31
624,Bengt,29298 Cherokee Place,25161.39
625,Jaynell,50 Scofield Alley,57359.14
626,Lorilyn,0094 Sullivan Point,45083.21
627,Louisette,582 Pawling Avenue,85416.67
628,Joly,86998 Quincy Avenue,65361.25
629,Jelene,23 Del Mar Junction,35638.03
630,Deidre,62562 New Castle Hill,83132.79
631,Brnaba,1432 Arizona Street,45848.83
632,Idalia,9072 Ryan Junction,13430.93
633,Idell,8595 Saint Paul Avenue,64317.25
634,Flossi,4862 Straubel Alley,22932.43
635,Noami,07459 Saint Paul Point,44434.62
636,Mohammed,94 Portage Park,63056.21
637,Vernor,6950 Westridge Parkway,83084.32
638,Sibelle,46927 Sherman Hill,75024.62
639,Donelle,30 Mcguire Court,35211.65
640,Nalani,3959 North Crossing,84284.42
641,Valma,5 Holy Cross Street,41608.56
642,Hugibert,0612 Luster Court,78172.72
643,Odo,1 Maywood Park,72066.24
644,Maxy,3 Pond Point,80315.9
645,Sylvan,690 Welch Place,21232.76
646,Thelma,421 Bayside Circle,60783.42
647,Rozamond,7 Mayer Park,34394.35
648,Johannah,3373 Rusk Point,73555.0
649,Penelopa,10271 Dunning Court,67738.22
650,Natty,43 Porter Road,72701.74
651,Katerina,74036 Sachs Center,93130.62
652,Caldwell,09846 Warrior Crossing,18576.94
653,Shellysheldon,87 Fairfield Park,86398.45
654,Jesus,43733 Green Ridge Street,64470.19
655,Grazia,823 Pleasure Drive,36401.69
656,Jorie,16438 Brentwood Park,87966.69
657,Roz,70 Lillian Alley,90545.82
658,Eddi,6881 Spaight Alley,34991.05
659,Guendolen,0 Susan Circle,36589.52
660,Friedrich,672 Nancy Pass,38703.94
661,Yettie,45 Sundown Way,74151.57
662,Joya,7 Fieldstone Parkway,83560.46
663,Mavra,288 Loeprich Terrace,79250.73
664,Mahalia,1786 Eastlawn Court,64907.51
665,Lawrence,5379 Spenser Lane,99440.26
666,Beatriz,691 South Way,98531.67
667,Heather,46765 Oakridge Plaza,13224.39
668,Layton,448 Manley Center,28539.12
669,Debby,04228 Anhalt Drive,45319.57
670,Florella,7645 Dorton Alley,45577.44
671,Ramon,34514 Lakewood Parkway,37913.36
672,Cass,522 Dovetail Point,76136.67
673,Culley,55316 Lyons Crossing,69852.07
674,Chelsie,4941 Towne Drive,49526.97
675,Marielle,41077 Lakewood Gardens Way,67949.35
676,Trescha,83 Buhler Plaza,72345.96
677,Roderic,33238 Toban Center,45644.54
678,Dominique,68151 Fieldstone Alley,23187.88
679,Evangelin,9 Judy Drive,12012.98
680,Astrix,33 Utah Junction,96681.46
681,Adelaida,85 Butterfield Alley,35189.06
682,Vallie,79 Carberry Park,65466.94
683,Marlena,5 Russell Trail,42686.59
684,Miner,4818 Cardinal Point,27368.09
685,Avrom,8 Meadow Vale Alley,24620.88
686,Teresa,6 Kinsman Place,20078.05
687,Naoma,7673 South Junction,60802.75
688,Cari,6502 Namekagon Lane,96376.06
689,Javier,9945 Di Loreto Circle,36310.81
690,Shelton,2 Melby Park,91109.46
691,Arlyn,35 Carey Trail,24314.36
692,Monique,1 Northland Pass,61834.22
693,Hamish,1699 Pepper Wood Trail,99815.2
694,Dorette,75956 Armistice Circle,75990.85
695,Annamarie,34 Atwood Circle,73967.6
696,Dacy,47254 Straubel Plaza,97782.16
697,Alyssa,55841 Melby Way,88460.69
698,Sanders,3357 Thierer Terrace,59702.31
699,Harlene,8735 Shoshone Road,84110.8
700,Shani,58572 Nova Center,46159.87
701,Kristopher,6 Northview Lane,12852.77
702,Wolfie,10 Hovde Terrace,57582.19
703,Terri,2786 Hooker Parkway,62406.86
704,Saw,0570 Debra Plaza,58994.38
705,Hailey,124 Express Court,39432.18
706,Wain,35 Pine View Alley,92761.47
707,Patty,269 Schurz Alley,78177.02
708,Freddie,91 Homewood Center,27754.0
709,Lazar,2674 Birchwood Circle,56436.87
710,Silvanus,68965 Sachtjen Road,89956.32
711,Barbey,35 Florence Alley,75533.45
712,Liam,1 Granby Parkway,73249.31
713,Delmar,6 Barby Circle,66562.05
714,Mollee,708 7th Crossing,82533.93
715,Marmaduke,671 Arkansas Trail,73968.38
716,Niki,484 Harbort Place,76720.81
717,Jo,837 Doe Crossing Plaza,17080.35
718,Amalea,87192 Anniversary Street,63023.16
719,Tamra,765 Knutson Place,36666.07
720,Ramonda,4059 Iowa Circle,41132.14
721,Far,063 Buena Vista Circle,35086.1
722,Sile,5954 Montana Street,91501.55
723,Mari,1726 Tennyson Circle,72404.62
724,Jodie,7509 Doe Crossing Drive,69818.39
725,Ronnie,956 Magdeline Court,54110.77
726,Vivyan,618 Knutson Terrace,69533.71
727,Armstrong,54 Red Cloud Trail,86643.04
728,Rollins,20 Fuller Road,32398.52
729,Prudy,3 Emmet Terrace,34181.56
730,Elmira,808 Superior Circle,81495.41
731,Nessa,0281 Loftsgordon Street,53291.31
732,Shandee,82 Packers Lane,34985.77
733,Godard,47 Washington Circle,75431.62
734,Lian,9019 Norway Maple Place,15439.36
735,Quinta,77786 Sachs Pass,63533.42
736,Fifi,518 Rigney Trail,73369.74
737,Alyse,20 Melvin Park,47994.63
738,Faunie,39 Granby Junction,93842.72
739,Marika,1708 Pond Terrace,33722.49
740,Wakefield,35922 Mcbride Park,59184.9
741,Winston,9 Melvin Trail,68375.91
742,Brooks,9 Lunder Court,97368.3
743,Gwendolen,84 Reindahl Street,20505.29
744,Winnie,2090 Tony Place,43007.5
745,Wilie,5 Northwestern Circle,79035.48
746,Guilbert,5 Sunbrook Drive,67533.51
747,Joe,02927 Service Way,80597.39
748,Romain,5438 Hudson Center,10838.98
749,Minetta,297 Bartelt Trail,85537.68
750,Iver,99763 Reindahl Way,51855.63
751,Roxanne,1 Ohio Park,41025.81
752,Aubrey,41 Stang Way,51264.82
753,Dante,12743 Twin Pines Road,30023.96
754,Ive,9 Armistice Plaza,25978.92
755,Ali,0801 Corscot Lane,75426.56
756,Tessy,6 6th Plaza,69604.37
757,Pauletta,2 Melody Avenue,42787.6
758,Bendix,0 Crest Line Avenue,45018.05
759,Annie,097 Schlimgen Trail,40028.43
760,Kiri,9 Springview Trail,42124.47
761,Betteanne,96 Rockefeller Crossing,91332.2
762,Martguerita,0 Rusk Court,90805.83
763,Georgine,7 Mariners Cove Way,30074.73
764,Vladimir,2 Homewood Junction,51495.59
765,Marji,1821 1st Alley,37353.27
766,Rutter,3167 Melody Center,80748.48
767,Damiano,5783 Eastwood Circle,26768.23
768,Shari,2864 3rd Circle,97982.38
769,Tiffi,18259 Orin Crossing,11389.99
770,Lynda,2 Holmberg Plaza,52305.73
771,Vernen,8079 Brickson Park Terrace,23422.49
772,Washington,5 Anzinger Road,93496.15
773,Walden,24448 Grayhawk Lane,32632.34
774,Lyell,0530 Thompson Drive,23341.1
775,Elsie,15 Claremont Crossing,44074.14
776,Phylis,0593 Hollow Ridge Point,15314.4
777,Susi,6878 2nd Lane,93611.74
778,Fey,6 Dennis Pass,82139.65
779,Aldis,8073 Mesta Pass,44706.03
780,Brocky,1 Nobel Crossing,31219.71
781,Lucine,6573 American Ash Junction,39546.49
782,Ulrica,9716 Lindbergh Park,50038.87
783,Lara,0078 Brown Center,46506.97
784,Danya,0 Warrior Parkway,61782.38
785,Zaccaria,448 Thompson Park,29777.32
786,Dasya,93278 Park Meadow Hill,87985.93
787,Pete,64402 Lunder Junction,38321.01
788,Enoch,3774 Waubesa Court,45015.16
789,Clemmy,01473 Northridge Parkway,29881.54
790,Berri,82 Banding Avenue,35648.47
791,Clarette,75237 Village Court,54142.55
792,Gladi,48284 Longview Circle,41329.41
793,Albina,9 Evergreen Junction,20403.92
794,Tristan,47 Logan Street,55190.89
795,Dosi,8516 Troy Court,65163.69
796,Rab,56 Ramsey Drive,17124.87
797,Johnny,60660 Lindbergh Park,84091.4
798,Tierney,44 Meadow Vale Circle,10988.57
799,Blondell,449 Blaine Road,58598.18
800,Gilberte,7710 Fisk Drive,83137.3
801,Murray,4618 Oneill Street,77202.75
802,Gun,3 Kings Point,35229.07
803,Frankie,76 Lakeland Street,62776.21
804,Katusha,193 Aberg Circle,27900.21
805,Henriette,848 Badeau Place,84686.37
806,Linea,0 Anniversary Trail,74744.41
807,Juliane,1127 Granby Place,44351.04
808,Jodee,6821 Summit Parkway,47134.38
809,Amandy,2300 Claremont Junction,92590.85
810,Karalynn,98198 Glendale Road,28648.6
811,Domenico,79291 Porter Pass,89373.08
812,Rolf,027 Meadow Ridge Street,30998.19
813,Edwina,1 Grasskamp Road,19868.97
814,Layton,8 Blaine Circle,52770.48
815,Nady,6904 Vermont Drive,24468.26
816,Robinetta,2961 Anniversary Trail,36991.91
817,Johna,85607 Golf View Avenue,11900.66
818,Mehetabel,62 Veith Junction,43597.06
819,Cathee,0013 Laurel Terrace,47921.66
820,Rusty,54454 Barnett Road,25787.77
821,Teador,595 Summer Ridge Alley,92006.3
822,Ainslee,8 Dexter Road,39161.51
823,Petrina,76602 Steensland Court,81336.2
824,Hussein,50 Arrowood Parkway,83714.89
825,Adair,555 Old Shore Hill,64191.58
826,Christyna,486 Vahlen Street,60405.46
827,Olwen,06 Blackbird Way,89582.09
828,Ring,88177 Dottie Place,70775.95
829,Claybourne,9 Lakeland Parkway,76108.05
830,Ruben,5185 Holmberg Alley,95889.56
831,Katee,0916 Kinsman Terrace,35936.39
832,Eustace,98032 Dennis Road,14413.38
833,Karmen,2293 Jenifer Alley,19639.07
834,Kiel,62505 Jenifer Center,46956.46
835,Dewain,418 Mandrake Drive,70882.56
836,Alys,6077 Hudson Avenue,68295.28
837,Blondy,7 Messerschmidt Plaza,94902.61
838,Theobald,200 Forest Run Terrace,56533.96
839,Salaidh,10829 Utah Drive,82224.44
840,Kati,4 Basil Terrace,68616.15
841,Winston,86 Knutson Street,53338.7
842,Bennie,2 Elka Crossing,14180.52
843,Alford,5743 Ronald Regan Point,19597.53
844,Tabby,24357 Nova Crossing,93888.07
845,Taffy,32709 Summit Park,76272.57
846,Babb,00945 Kennedy Place,83898.25
847,Elias,315 Namekagon Trail,25663.04
848,Evan,482 Express Avenue,30575.67
849,Evey,118 Melody Street,92569.99
850,Sim,03211 Clemons Trail,38744.64
851,Vernon,32391 Ridge Oak Road,79545.64
852,Morley,73 Elgar Court,20810.25
853,Nona,6756 Nobel Park,77354.55
854,Debbi,416 Atwood Point,17334.88
855,Keane,41 Riverside Road,33563.9
856,Chandal,89 Northridge Circle,55647.85
857,Ralph,70 Hooker Court,59726.71
858,Hart,8 Caliangt Junction,91650.9
859,Lane,594 Garrison Court,29573.71
860,Kimmi,0 Everett Crossing,38995.04
861,Jayne,988 Blue Bill Park Place,18957.23
862,Filide,34 Riverside Parkway,41208.26
863,Marlie,497 Forster Point,64917.45
864,Bee,934 Esker Avenue,24326.93
865,Xavier,854 Portage Road,90772.96
866,Janos,103 Eagan Avenue,64202.43
867,Fredric,723 Pine View Plaza,41995.22
868,Normy,75401 5th Junction,21138.25
869,Walden,08 Schurz Place,32441.65
870,Adelice,6366 Cascade Point,18812.44
871,Kennett,75230 Lakeland Plaza,85536.98
872,Rhiamon,08702 Lindbergh Drive,44983.42
873,Randy,779 Farragut Crossing,14271.15
874,Ashly,1549 Ludington Trail,29979.81
875,Edita,723 Morning Place,21542.97
876,Fleming,09 Starling Crossing,41694.9
877,Corty,87430 Scoville Court,75158.07
878,Gustave,8 Fremont Avenue,37211.76
879,Sancho,6305 Russell Avenue,36469.8
880,Tulley,1936 Rutledge Crossing,83544.91
881,Hamish,5 Dryden Lane,54403.48
882,Wait,1 Sunnyside Park,99004.23
883,Gertrud,849 Mandrake Street,11305.82
884,Aura,35215 Eliot Junction,87592.89
885,Bobine,686 Hoffman Road,57121.66
886,Penny,53 Walton Junction,95808.95
887,Aguste,96804 Ruskin Terrace,28760.72
888,Debera,552 Shasta Center,18525.82
889,Lyn,20 Merrick Avenue,66741.15
890,Loy,1020 Miller Place,99859.26
891,Jessy,60 Toban Pass,77735.3
892,Britteny,7 Vernon Road,52811.99
893,Diane-marie,4 Crest Line Junction,67006.08
894,Alana,3 Jay Park,45826.37
895,Welch,393 Fallview Plaza,85989.23
896,Shane,03 Loftsgordon Court,53470.68
897,Alyosha,4327 Prairie Rose Trail,34844.25
898,Barnabe,69477 Upham Road,55650.44
899,Beatrice,07503 Luster Circle,35005.25
900,Cloe,7 West Way,59976.71
901,Karoly,1 Monterey Pass,14680.91
902,Eimile,47313 Chinook Road,75542.92
903,Todd,4334 Paget Avenue,67357.09
904,Karee,8412 Cordelia Street,15474.84
905,Christoph,52 Barby Circle,64538.49
906,Carlynn,874 Chive Street,44762.97
907,Boigie,65815 Granby Center,40290.26
908,Carolyn,21498 Petterle Avenue,55248.74
909,Hi,78 Bluejay Circle,48621.75
910,Ralph,0 Pierstorff Road,32668.37
911,Patrizius,4 Superior Crossing,72785.52
912,Felizio,5130 Dexter Pass,35268.75
913,Joshia,199 Emmet Court,21009.66
914,Jaymie,46 Continental Crossing,28896.17
915,Crysta,856 Jenna Circle,85318.68
916,Saidee,9 Mitchell Road,65008.61
917,Kleon,511 Stoughton Place,54195.83
918,Tuck,28 Shopko Court,96640.27
919,Christyna,87 Morrow Junction,40161.75
920,Charmine,490 Claremont Hill,40645.9
921,Maynard,27051 Steensland Center,43795.28
922,Stephan,09897 Crescent Oaks Street,24638.93
923,Stillman,54557 Kingsford Avenue,14734.25
924,Brewster,70770 Barby Center,45669.11
925,Michal,05 Gerald Way,87699.8
926,Nehemiah,7 Mendota Junction,86107.6
927,Silvia,52024 Nobel Court,99707.98
928,Callean,207 Maple Parkway,62290.64
929,Sorcha,837 Delladonna Lane,89488.11
930,Shoshanna,52302 Westridge Place,72481.93
931,Dixie,03739 Mifflin Center,44183.98
932,Marven,365 Sherman Pass,75014.21
933,Price,98747 Roxbury Court,22824.98
934,Chery,337 Declaration Alley,50379.26
935,Nissy,77358 Red Cloud Parkway,26503.8
936,Lorant,3464 Randy Street,78853.13
937,Alejoa,43 Mendota Pass,91634.4
938,Casandra,44825 Bluestem Terrace,79305.51
939,Blakeley,8 Eagle Crest Pass,26086.44
940,Bastian,2 Alpine Hill,30990.61
941,Bradly,99336 Burrows Parkway,50937.41
942,Lilias,8 Talmadge Plaza,39377.2
943,Waite,282 Fordem Drive,57814.84
944,Katerina,81792 Alpine Point,82520.87
945,Cilka,47943 Thackeray Alley,76455.4
946,Afton,4644 East Pass,96039.01
947,Vivia,99155 Pennsylvania Drive,42196.69
948,Lorry,59367 Arapahoe Junction,31527.92
949,Katey,365 Emmet Court,87258.72
950,Jocelyne,04126 Burning Wood Center,73454.68
951,Nathanael,9 Iowa Place,36731.49
952,Hinze,78482 Spaight Parkway,27286.98
953,Simone,3343 Marcy Circle,92227.62
954,Maxy,4 Stone Corner Point,24854.04
955,Pierrette,82 Shelley Court,57591.87
956,Ber,52906 Sundown Terrace,26813.16
957,Else,66469 Union Drive,68671.0
958,Ansel,8832 Almo Hill,50548.63
959,Carver,78 Troy Lane,60996.58
960,Isiahi,44 Arkansas Crossing,64052.07
961,Holly,054 Hintze Avenue,10125.94
962,Leroi,7168 Comanche Terrace,28252.02
963,Morgan,69707 Hintze Circle,88401.57
964,Birch,471 Farragut Junction,48654.91
965,Christine,513 Northfield Trail,56004.89
966,Barnie,36325 Anderson Center,43527.8
967,Berta,1 Emmet Park,49508.93
968,Brunhilda,25896 Tennessee Court,70975.27
969,Francene,88 Tomscot Court,73364.04
970,Aube,5900 Magdeline Alley,44322.2
971,Cleavland,01210 Golf Course Road,86882.13
972,Rosemarie,4354 Hallows Lane,94705.57
973,Celestyn,11 Anhalt Avenue,93506.18
974,Ginni,2 8th Point,72054.3
975,Chauncey,3152 Fuller Avenue,17782.87
976,Lilla,676 Rieder Plaza,76062.18
977,Ginger,0 Hoepker Junction,42209.01
978,Woodie,95827 Cherokee Lane,42003.83
979,Trescha,5544 Algoma Lane,75517.79
980,Frederigo,31 Carpenter Terrace,93599.57
981,Tristam,03459 Fallview Center,23546.75
982,Nora,365 8th Parkway,67745.23
983,Gregoire,726 Arkansas Junction,82295.25
984,Gerald,3164 Oak Alley,18707.05
985,Ramonda,6012 Arrowood Center,66139.39
986,Luce,13644 Blue Bill Park Point,73553.15
987,Siffre,627 6th Road,45229.17
988,Martainn,5495 Colorado Court,31759.81
989,Connor,38 Oak Junction,84611.35
990,Reggi,6 Namekagon Pass,83645.0
991,Burk,9167 Blue Bill Park Drive,87906.17
992,Staford,5332 Havey Parkway,68465.53
993,Carroll,97 Glendale Parkway,13820.37
994,Annissa,93145 Pawling Hill,89270.57
995,Phaedra,65323 Charing Cross Park,55851.54
996,Stanislaus,7024 Golden Leaf Plaza,85231.51
997,Elihu,792 South Way,63383.55
998,Yurik,8 Springs Street,85437.02
999,Allard,70 Esker Pass,32375.62
1000,Clarance,8766 Petterle Lane,17296.8
